{"cameraMode":{"drawMode":0,"name":"Shaded","section":"Shading Mode"},"sceneLighting":false,"audioPlay":false,"sceneViewState":{"m_AlwaysRefresh":false,"showFog":true,"showSkybox":false,"showFlares":true,"showImageEffects":true,"showParticleSystems":true,"showVisualEffectGraphs":true,"m_FxEnabled":true},"in2DMode":false,"pivot":{"x":1.7881393432617188e-7,"y":0.8775404095649719,"z":-0.024068668484687806},"rotation":{"x":0.0639299526810646,"y":0.9244050979614258,"z":-0.1785559356212616,"w":0.3309541940689087},"size":1.4598127603530884,"orthographic":false}